Domain Name, Resolved IP
1cicibank.com,69.64.147.244
8cicibank.com,44.230.85.241
9cicibank.com,44.230.85.241
account-login-icicibank.com,
account-support-icicibank.com,
account-verify-icicibank.com,
accounts-login-icicibank.com,
acicibank.com,
auth-access-icicibank.com,
auth-icicibank.com,
auth-user-icicibank.com,
billing-icicibank.com,
cicibank.com,103.224.182.239
ciicibank.com,52.33.207.7
ecicibank.com,
hcicibank.com,
i-cicibank.com,
i.cicibank.com,103.224.182.239
iaicibank.com,
ibicibank.com,
ic-icibank.com,
ic.icibank.com,170.178.183.18
ic1cibank.com,69.64.147.244
ic8cibank.com,52.33.207.7
ic8icibank.com,
ic9cibank.com,52.33.207.7
ic9icibank.com,
icacibank.com,
iccibank.com,185.53.177.54
iccicibank.com,
icciibank.com,44.230.85.241
icdicibank.com,52.33.207.7
icecibank.com,
icficibank.com,44.230.85.241
ichcibank.com,
ici-cibank.com,
ici.cibank.com,202.31.187.154
ici8cibank.com,
ici9cibank.com,
iciaibank.com,
icibibank.com,
icic-ibank.com,
icic.ibank.com,
icic1bank.com,69.64.147.244
icic8bank.com,52.33.207.7
icic8ibank.com,
icic9bank.com,44.230.85.241
icic9ibank.com,
icicabank.com,154.218.153.21
icicbank.com,64.190.63.111
icicbiank.com,44.230.85.241
iciccibank.com,78.41.204.39
icicdibank.com,52.33.207.7
icicebank.com,185.53.179.171
icicfibank.com,52.33.207.7
icichbank.com,
icici-bank.com,64.190.63.111
icici.bank.com,
icici8bank.com,
icici9bank.com,
iciciabnk.com,44.230.85.241
iciciank.com,199.59.243.224
icicib-ank.com,
icicib.ank.com,
icicib1ank.com,
icicib1nk.com,
icicib2ank.com,
icicib2nk.com,
iciciba-nk.com,
iciciba.nk.com,
iciciba1nk.com,
iciciba2nk.com,
icicibaank.com,64.190.63.111
icicibabk.com,199.115.116.162
icicibabnk.com,
icicibafk.com,
icicibahk.com,13.248.169.48
icicibahnk.com,44.230.85.241
icicibajk.com,44.230.85.241
icicibajnk.com,52.33.207.7
icicibak.com,103.224.182.246
icicibakn.com,66.81.203.201
icicibalk.com,
icicibamk.com,199.191.50.73
icicibamnk.com,52.33.207.7
iciciban-k.com,
iciciban.com,162.210.199.65
iciciban.k.com,
icicibanbk.com,185.53.179.174
icicibanc.com,44.230.85.241
icicibanhk.com,
icicibani.com,52.33.207.7
icicibanik.com,
icicibanj.com,64.190.63.111
icicibanjk.com,52.33.207.7
icicibank.br,
icicibank.buzz,
icicibank.cf,
icicibank.cn,170.33.13.246
icicibank.co,54.161.115.162
icicibank.com,20.204.105.107
icicibank.de,20.204.105.107
icicibank.fit,
icicibank.ga,
icicibank.gq,195.20.50.137
icicibank.in,64.190.63.111
icicibank.info,3.33.130.190
icicibank.live,
icicibank.ml,
icicibank.net,
icicibank.org,
icicibank.ru,31.177.76.70
icicibank.tk,
icicibank.top,209.141.38.71
icicibank.uk,
icicibank.wang,
icicibanka.com,
icicibankb.com,
icicibankc.com,167.172.228.26
icicibankcom.com,
icicibankd.com,
icicibanke.com,
icicibankf.com,
icicibankg.com,
icicibankh.com,
icicibanki.com,
icicibankj.com,52.33.207.7
icicibankk.com,64.190.63.111
icicibankl.com,52.33.207.7
icicibankm.com,52.33.207.7
icicibankn.com,170.178.183.18
icicibanko.com,52.33.207.7
icicibankp.com,
icicibankq.com,
icicibankr.com,
icicibanks.com,
icicibankt.com,
icicibanku.com,
icicibankv.com,
icicibankw.com,
icicibankx.com,
icicibanky.com,
icicibankz.com,
icicibanl.com,192.155.108.155
icicibanlc.com,
icicibanlk.com,
icicibanm.com,13.248.169.48
icicibanmk.com,185.53.179.174
icicibannk.com,199.59.243.224
icicibano.com,44.230.85.241
icicibanok.com,
icicibanķ.com,
icicibanḳ.com,
icicibanḵ.com,
icicibanⱪ.com,
icicibaok.com,
icicibaqnk.com,
icicibark.com,
icicibasnk.com,44.230.85.241
icicibawnk.com,
icicibaynk.com,
icicibaznk.com,
icicibañk.com,
icicibańk.com,
icicibaņk.com,
icicibaňk.com,
icicibaǹk.com,
icicibaṅk.com,
icicibaṇk.com,
icicibaṉk.com,
icicibaꞑk.com,
icicibbank.com,64.190.63.111
icicibcnk.com,
icicibenk.com,
icicibgank.com,
icicibhank.com,
icicibink.com,
icicibnak.com,69.162.95.3
icicibnank.com,45.194.225.250
icicibnk.com,127.0.0.1
icicibonk.com,
icicibqank.com,
icicibqnk.com,44.230.85.241
icicibsank.com,44.230.85.241
icicibsnk.com,64.190.63.111
icicibunk.com,
icicibvank.com,44.230.85.241
icicibwank.com,
icicibwnk.com,52.33.207.7
icicibyank.com,
icicibynk.com,
icicibzank.com,
icicibznk.com,52.33.207.7
icicibànk.com,
icicibánk.com,
icicibânk.com,
icicibãnk.com,
icicibänk.com,
icicibånk.com,
icicibănk.com,
icicibąnk.com,
icicibǎnk.com,
icicibȧnk.com,
icicibɑnk.com,
icicibạnk.com,
icicicank.com,
icicidank.com,
icicifank.com,
icicigank.com,44.230.85.241
icicigbank.com,
icicihank.com,52.33.207.7
icicihbank.com,44.230.85.241
iciciibank.com,199.59.243.224
icicijank.com,
icicijbank.com,
icicikbank.com,44.230.85.241
icicilbank.com,
icicinank.com,95.211.219.66
icicinbank.com,103.224.212.221
iciciobank.com,52.33.207.7
icicirank.com,
iciciubank.com,52.33.207.7
icicivank.com,52.33.207.7
icicivbank.com,44.230.85.241
iciciɓank.com,
iciciʙank.com,
iciciḃank.com,
iciciḅank.com,
iciciḇank.com,
icicjbank.com,52.33.207.7
icicjibank.com,
icickbank.com,52.33.207.7
icickibank.com,
iciclbank.com,69.64.147.244
icicmbank.com,
icicobank.com,199.59.243.224
icicoibank.com,44.230.85.241
icicubank.com,
icicuibank.com,52.33.207.7
icicvibank.com,52.33.207.7
icicxibank.com,44.230.85.241
icicybank.com,
icicìbank.com,
icicíbank.com,
icicïbank.com,
icicībank.com,
icicĭbank.com,
icicıbank.com,
icicǐbank.com,
icicȋbank.com,
icicɨbank.com,
icicɩbank.com,
icicỉbank.com,
icicịbank.com,
icidcibank.com,52.33.207.7
icidibank.com,44.230.85.241
icieibank.com,
icifcibank.com,44.230.85.241
icifibank.com,44.230.85.241
icigibank.com,
iciibank.com,170.178.183.18
iciicbank.com,172.93.103.102
iciicibank.com,103.224.182.241
icijcibank.com,
icikcibank.com,
icikibank.com,
iciocibank.com,44.230.85.241
icisibank.com,
iciucibank.com,52.33.207.7
icivcibank.com,52.33.207.7
icivibank.com,
icixcibank.com,44.230.85.241
icixibank.com,
iciçibank.com,
icićibank.com,
iciĉibank.com,
iciċibank.com,
icičibank.com,
iciƈibank.com,
icjcibank.com,52.33.207.7
icjicibank.com,
ickcibank.com,44.230.85.241
ickicibank.com,
iclcibank.com,69.64.147.244
icmcibank.com,
icocibank.com,185.53.177.54
icoicibank.com,44.230.85.241
icucibank.com,44.230.85.241
icuicibank.com,52.33.207.7
icvicibank.com,52.33.207.7
icxicibank.com,52.33.207.7
icycibank.com,
icìcibank.com,
icícibank.com,3.33.130.190
icïcibank.com,
icīcibank.com,
icĭcibank.com,
icıcibank.com,
icǐcibank.com,
icȋcibank.com,
icɨcibank.com,
icɩcibank.com,
icỉcibank.com,
icịcibank.com,
idcicibank.com,44.230.85.241
idicibank.com,52.33.207.7
ieicibank.com,
ifcicibank.com,52.33.207.7
ificibank.com,44.230.85.241
igicibank.com,
iiccibank.com,44.230.85.241
iicibank.com,185.53.177.54
iicicibank.com,64.190.63.111
ikicibank.com,
isicibank.com,
ivcicibank.com,52.33.207.7
ivicibank.com,77.247.183.155
ixcicibank.com,44.230.85.241
ixicibank.com,44.230.85.241
içicibank.com,
ićicibank.com,
iĉicibank.com,
iċicibank.com,
ičicibank.com,
iƈicibank.com,
jcicibank.com,52.33.207.7
kcicibank.com,52.33.207.7
lcicibank.com,
login-icicibank.com,
login-redirect-icicibank.com,
mcicibank.com,
ocicibank.com,154.216.96.188
security-icicibank.com,
ucicibank.com,44.230.85.241
web-login-icicibank.com,
wwicicibank.com,13.248.169.48
www-icicibank.com,
wwwicicibank.com,95.211.219.66
ycicibank.com,
ìcicibank.com,
ícicibank.com,3.33.130.190
ïcicibank.com,
īcicibank.com,
ĭcicibank.com,
ıcicibank.com,
ǐcicibank.com,
ȋcicibank.com,
ɨcicibank.com,
ɩcicibank.com,
ỉcicibank.com,3.33.130.190
ịcicibank.com,